id,entry_time,judge_time,signal,actual_direction,entry_close,result_close,price_diff,up_prob,down_prob,confidence,result
20260701_0050,2026-07-01T00:50:00+09:00,2026-07-01T00:55:00+09:00,SKIP,HIGH,162.58399963378906,162.61399841308594,0.029999,0.3094020656253655,0.6905979343746345,0.6905979343746345,NO_TRADE
20260701_0100,2026-07-01T01:00:00+09:00,2026-07-01T01:05:00+09:00,SKIP,HIGH,162.61199951171875,162.6529998779297,0.041,0.319638494813203,0.680361505186797,0.680361505186797,NO_TRADE
20260701_0105,2026-07-01T01:05:00+09:00,2026-07-01T01:10:00+09:00,SKIP,LOW,162.6529998779297,162.63999938964844,-0.013,0.469240296673957,0.5307597033260429,0.5307597033260429,NO_TRADE
20260701_0110,2026-07-01T01:10:00+09:00,2026-07-01T01:15:00+09:00,SKIP,HIGH,162.63999938964844,162.6580047607422,0.018005,0.397021406006089,0.602978593993911,0.602978593993911,NO_TRADE
20260701_0115,2026-07-01T01:15:00+09:00,2026-07-01T01:20:00+09:00,LOW,LOW,162.6580047607422,162.64700317382812,-0.011002,0.2278506574613303,0.7721493425386697,0.7721493425386697,WIN
20260701_0120,2026-07-01T01:20:00+09:00,2026-07-01T01:25:00+09:00,LOW,LOW,162.64700317382812,162.6300048828125,-0.016998,0.2410553660303588,0.7589446339696411,0.7589446339696411,WIN
20260701_0125,2026-07-01T01:25:00+09:00,2026-07-01T01:30:00+09:00,SKIP,LOW,162.6300048828125,162.61900329589844,-0.011002,0.3524688590426508,0.6475311409573492,0.6475311409573492,NO_TRADE
20260701_0130,2026-07-01T01:30:00+09:00,2026-07-01T01:35:00+09:00,SKIP,HIGH,162.61900329589844,162.6230010986328,0.003998,0.5080943321708483,0.4919056678291517,0.5080943321708483,NO_TRADE
20260701_0135,2026-07-01T01:35:00+09:00,2026-07-01T01:40:00+09:00,SKIP,LOW,162.6230010986328,162.61599731445312,-0.007004,0.4629413305675223,0.5370586694324777,0.5370586694324777,NO_TRADE
20260701_0145,2026-07-01T01:45:00+09:00,2026-07-01T01:50:00+09:00,LOW,HIGH,162.6060028076172,162.63999938964844,0.033997,0.2906934931048459,0.7093065068951541,0.7093065068951541,LOSE
20260701_0210,2026-07-01T02:10:00+09:00,2026-07-01T02:15:00+09:00,LOW,LOW,162.6269989013672,162.61000061035156,-0.016998,0.2252969980326697,0.7747030019673302,0.7747030019673302,WIN
20260701_0220,2026-07-01T02:20:00+09:00,2026-07-01T02:25:00+09:00,LOW,LOW,162.61000061035156,162.58999633789062,-0.020004,0.2844792414308641,0.7155207585691359,0.7155207585691359,WIN
20260701_0620,2026-07-01T06:20:00+09:00,2026-07-01T06:25:00+09:00,SKIP,HIGH,162.58799743652344,162.60000610351562,0.012009,0.3136794204224465,0.6863205795775534,0.6863205795775534,NO_TRADE
20260701_0855,2026-07-01T08:55:00+09:00,2026-07-01T09:00:00+09:00,LOW,HIGH,162.62399291992188,162.64599609375,0.022003,0.1930112545674791,0.8069887454325209,0.8069887454325209,LOSE
20260701_1950,2026-07-01T19:50:00+09:00,2026-07-01T19:55:00+09:00,SKIP,HIGH,162.6719970703125,162.6840057373047,0.012009,0.3128786068056425,0.6871213931943574,0.6871213931943574,NO_TRADE
20260702_0320,2026-07-02T03:20:00+09:00,2026-07-02T03:25:00+09:00,LOW,HIGH,162.5590057373047,162.56900024414062,0.009995,0.1764856694288151,0.8235143305711848,0.8235143305711848,LOSE
20260702_0750,2026-07-02T07:50:00+09:00,2026-07-02T07:55:00+09:00,SKIP,LOW,162.53599548339844,162.531005859375,-0.00499,0.3790985452396949,0.6209014547603051,0.6209014547603051,NO_TRADE
20260702_1915,2026-07-02T19:15:00+09:00,2026-07-02T19:20:00+09:00,SKIP,HIGH,161.2969970703125,161.45399475097656,0.156998,0.3079558746162582,0.6920441253837418,0.6920441253837418,NO_TRADE
20260703_0130,2026-07-03T01:30:00+09:00,2026-07-03T01:35:00+09:00,LOW,LOW,161.08200073242188,161.06199645996094,-0.020004,0.2930178575942884,0.7069821424057116,0.7069821424057116,WIN
20260703_0540,2026-07-03T05:40:00+09:00,2026-07-03T08:00:00+09:00,SKIP,HIGH,161.10299682617188,161.2480010986328,0.145004,0.3008831935816073,0.6991168064183927,0.6991168064183927,NO_TRADE
20260703_0210,2026-07-03T10:10:00+09:00,2026-07-03T10:15:00+09:00,LOW,LOW,161.24000549316406,160.95700073242188,-0.283005,0.1805310152625435,0.8194689847374564,0.8194689847374564,WIN
20260703_0935,2026-07-03T17:35:00+09:00,2026-07-03T17:40:00+09:00,SKIP,HIGH,160.90699768066406,160.91600036621094,0.009003,0.3887980714100706,0.6112019285899293,0.6112019285899293,NO_TRADE
20260703_1655,2026-07-04T00:55:00+09:00,2026-07-04T01:00:00+09:00,SKIP,HIGH,161.32200622558594,161.32699584960938,0.00499,0.3002292540873928,0.6997707459126072,0.6997707459126072,NO_TRADE
20260703_2135,2026-07-04T05:35:00+09:00,2026-07-04T05:40:00+09:00,LOW,HIGH,161.35499572753906,161.36700439453125,0.012009,0.253138612989759,0.746861387010241,0.746861387010241,LOSE
20260703_2155,2026-07-04T05:55:00+09:00,2026-07-06T08:00:00+09:00,LOW,HIGH,161.33700561523438,161.468994140625,0.131989,0.2437889523107939,0.7562110476892061,0.7562110476892061,LOSE
20260706_0225,2026-07-06T10:25:00+09:00,2026-07-06T10:30:00+09:00,LOW,LOW,161.7530059814453,161.72799682617188,-0.025009,0.1443337642198034,0.8556662357801965,0.8556662357801965,WIN
20260706_0230,2026-07-06T10:30:00+09:00,2026-07-06T10:35:00+09:00,LOW,LOW,161.72799682617188,161.7100067138672,-0.01799,0.458955407280259,0.5410445927197409,0.5410445927197409,WIN
20260706_0235,2026-07-06T10:35:00+09:00,2026-07-06T10:40:00+09:00,LOW,HIGH,161.7100067138672,161.71299743652344,0.002991,0.3361375675877717,0.6638624324122283,0.6638624324122283,LOSE
20260706_0240,2026-07-06T10:40:00+09:00,2026-07-06T10:45:00+09:00,HIGH,HIGH,161.71299743652344,161.72799682617188,0.014999,0.6883215864064743,0.3116784135935256,0.6883215864064743,WIN
20260706_0245,2026-07-06T10:45:00+09:00,2026-07-06T10:50:00+09:00,LOW,HIGH,161.72799682617188,161.75999450683594,0.031998,0.3534116601115944,0.6465883398884056,0.6465883398884056,LOSE
20260706_0250,2026-07-06T10:50:00+09:00,2026-07-06T10:55:00+09:00,LOW,HIGH,161.75999450683594,161.802001953125,0.042007,0.3989539844361973,0.6010460155638027,0.6010460155638027,LOSE
20260706_0255,2026-07-06T10:55:00+09:00,2026-07-06T11:00:00+09:00,LOW,LOW,161.802001953125,161.78900146484375,-0.013,0.2567146609581283,0.7432853390418717,0.7432853390418717,WIN
20260706_0300,2026-07-06T11:00:00+09:00,2026-07-06T11:05:00+09:00,LOW,HIGH,161.78900146484375,161.81900024414062,0.029999,0.3319781780177794,0.6680218219822206,0.6680218219822206,LOSE
20260706_0305,2026-07-06T11:05:00+09:00,2026-07-06T11:10:00+09:00,LOW,HIGH,161.81900024414062,161.82899475097656,0.009995,0.1889575885709386,0.8110424114290614,0.8110424114290614,LOSE
20260706_0310,2026-07-06T11:10:00+09:00,2026-07-06T11:15:00+09:00,LOW,LOW,161.82899475097656,161.7989959716797,-0.029999,0.1967352339975168,0.8032647660024831,0.8032647660024831,WIN
20260706_0315,2026-07-06T11:15:00+09:00,2026-07-06T11:20:00+09:00,LOW,LOW,161.7989959716797,161.78799438476562,-0.011002,0.2060827719890889,0.793917228010911,0.793917228010911,WIN
20260706_0320,2026-07-06T11:20:00+09:00,2026-07-06T11:25:00+09:00,LOW,HIGH,161.78799438476562,161.79600524902344,0.008011,0.4467013185256697,0.5532986814743304,0.5532986814743304,LOSE
20260706_0325,2026-07-06T11:25:00+09:00,2026-07-06T11:30:00+09:00,LOW,LOW,161.79600524902344,161.79100036621094,-0.005005,0.2708790976173655,0.7291209023826345,0.7291209023826345,WIN
20260706_0330,2026-07-06T11:30:00+09:00,2026-07-06T11:35:00+09:00,LOW,HIGH,161.79100036621094,161.802001953125,0.011002,0.2585860288332247,0.7414139711667753,0.7414139711667753,LOSE
20260706_0335,2026-07-06T11:35:00+09:00,2026-07-06T11:40:00+09:00,LOW,HIGH,161.802001953125,161.80299377441406,0.000992,0.2338018721490604,0.7661981278509395,0.7661981278509395,LOSE
20260706_0340,2026-07-06T11:40:00+09:00,2026-07-06T11:45:00+09:00,LOW,LOW,161.80299377441406,161.78799438476562,-0.014999,0.319291429705563,0.6807085702944369,0.6807085702944369,WIN
20260706_0345,2026-07-06T11:45:00+09:00,2026-07-06T11:50:00+09:00,LOW,LOW,161.78799438476562,161.75,-0.037994,0.2582724222631229,0.741727577736877,0.741727577736877,WIN
20260706_0350,2026-07-06T11:50:00+09:00,2026-07-06T11:55:00+09:00,LOW,HIGH,161.75,161.75599670410156,0.005997,0.4016108591959452,0.5983891408040547,0.5983891408040547,LOSE
20260706_0355,2026-07-06T11:55:00+09:00,2026-07-06T12:00:00+09:00,LOW,HIGH,161.75599670410156,161.76699829101562,0.011002,0.3761822827260675,0.6238177172739325,0.6238177172739325,LOSE
20260706_0400,2026-07-06T12:00:00+09:00,2026-07-06T12:05:00+09:00,LOW,LOW,161.76699829101562,161.76300048828125,-0.003998,0.2028692745742737,0.7971307254257263,0.7971307254257263,WIN
20260706_0405,2026-07-06T12:05:00+09:00,2026-07-06T12:10:00+09:00,LOW,HIGH,161.76300048828125,161.8000030517578,0.037003,0.2724467498138609,0.727553250186139,0.727553250186139,LOSE
20260706_0410,2026-07-06T12:10:00+09:00,2026-07-06T12:15:00+09:00,LOW,HIGH,161.8000030517578,161.80099487304688,0.000992,0.216927821338904,0.7830721786610959,0.7830721786610959,LOSE
20260706_0415,2026-07-06T12:15:00+09:00,2026-07-06T12:20:00+09:00,LOW,HIGH,161.80099487304688,161.81399536132812,0.013,0.2556046515224532,0.7443953484775467,0.7443953484775467,LOSE
20260706_0420,2026-07-06T12:20:00+09:00,2026-07-06T12:25:00+09:00,LOW,HIGH,161.81399536132812,161.82400512695312,0.01001,0.2249209013523468,0.7750790986476531,0.7750790986476531,LOSE
20260706_0425,2026-07-06T12:25:00+09:00,2026-07-06T12:30:00+09:00,LOW,LOW,161.82400512695312,161.81900024414062,-0.005005,0.2970112258834044,0.7029887741165957,0.7029887741165957,WIN
20260706_0430,2026-07-06T12:30:00+09:00,2026-07-06T12:35:00+09:00,LOW,LOW,161.81900024414062,161.80299377441406,-0.016006,0.2426073197477996,0.7573926802522004,0.7573926802522004,WIN
20260706_0435,2026-07-06T12:35:00+09:00,2026-07-06T12:40:00+09:00,LOW,LOW,161.80299377441406,161.8000030517578,-0.002991,0.2233234079351365,0.7766765920648634,0.7766765920648634,WIN
20260706_0440,2026-07-06T12:40:00+09:00,2026-07-06T12:45:00+09:00,LOW,HIGH,161.8000030517578,161.8070068359375,0.007004,0.2291471899512591,0.7708528100487408,0.7708528100487408,LOSE
20260706_0445,2026-07-06T12:45:00+09:00,2026-07-06T12:50:00+09:00,LOW,HIGH,161.8070068359375,161.8159942626953,0.008987,0.2107156386264596,0.7892843613735404,0.7892843613735404,LOSE
20260706_0450,2026-07-06T12:50:00+09:00,2026-07-06T12:55:00+09:00,LOW,HIGH,161.8159942626953,161.8520050048828,0.036011,0.1900582797466712,0.8099417202533288,0.8099417202533288,LOSE
20260706_0455,2026-07-06T12:55:00+09:00,2026-07-06T13:00:00+09:00,LOW,LOW,161.8520050048828,161.84300231933594,-0.009003,0.3665855120315909,0.633414487968409,0.633414487968409,WIN
20260706_0500,2026-07-06T13:00:00+09:00,2026-07-06T13:05:00+09:00,LOW,LOW,161.84300231933594,161.8249969482422,-0.018005,0.2685586205895393,0.7314413794104606,0.7314413794104606,WIN
20260706_0505,2026-07-06T13:05:00+09:00,2026-07-06T13:10:00+09:00,LOW,LOW,161.8249969482422,161.81500244140625,-0.009995,0.2287300719543768,0.7712699280456232,0.7712699280456232,WIN
20260706_0510,2026-07-06T13:10:00+09:00,2026-07-06T13:15:00+09:00,LOW,HIGH,161.81500244140625,161.81900024414062,0.003998,0.2739204612348825,0.7260795387651175,0.7260795387651175,LOSE
20260706_0515,2026-07-06T13:15:00+09:00,2026-07-06T13:20:00+09:00,LOW,HIGH,161.81900024414062,161.83099365234375,0.011993,0.3767755803653904,0.6232244196346095,0.6232244196346095,LOSE
20260706_0520,2026-07-06T13:20:00+09:00,2026-07-06T13:25:00+09:00,LOW,HIGH,161.83099365234375,161.8419952392578,0.011002,0.2059374541496823,0.7940625458503177,0.7940625458503177,LOSE
20260706_0525,2026-07-06T13:25:00+09:00,2026-07-06T13:30:00+09:00,LOW,LOW,161.8419952392578,161.83299255371094,-0.009003,0.2839729183972218,0.7160270816027782,0.7160270816027782,WIN
20260706_0530,2026-07-06T13:30:00+09:00,2026-07-06T13:35:00+09:00,LOW,HIGH,161.83299255371094,161.843994140625,0.011002,0.2109255681924152,0.7890744318075847,0.7890744318075847,LOSE
20260706_0535,2026-07-06T13:35:00+09:00,2026-07-06T13:40:00+09:00,LOW,HIGH,161.843994140625,161.91099548339844,0.067001,0.2121406746918787,0.7878593253081212,0.7878593253081212,LOSE
20260706_0540,2026-07-06T13:40:00+09:00,2026-07-06T13:45:00+09:00,LOW,HIGH,161.91099548339844,161.93299865722656,0.022003,0.1456700127093242,0.8543299872906758,0.8543299872906758,LOSE
20260706_0545,2026-07-06T13:45:00+09:00,2026-07-06T13:50:00+09:00,LOW,HIGH,161.93299865722656,161.9340057373047,0.001007,0.1792264280279046,0.8207735719720953,0.8207735719720953,LOSE
20260706_0550,2026-07-06T13:50:00+09:00,2026-07-06T13:55:00+09:00,LOW,LOW,161.9340057373047,161.93299865722656,-0.001007,0.2191066959957507,0.7808933040042492,0.7808933040042492,WIN
20260706_0555,2026-07-06T13:55:00+09:00,2026-07-06T14:00:00+09:00,LOW,LOW,161.93299865722656,161.92799377441406,-0.005005,0.1613095247614791,0.8386904752385209,0.8386904752385209,WIN
20260706_0600,2026-07-06T14:00:00+09:00,2026-07-06T14:05:00+09:00,LOW,HIGH,161.92799377441406,161.9720001220703,0.044006,0.2278337431577569,0.7721662568422432,0.7721662568422432,LOSE
20260706_0605,2026-07-06T14:05:00+09:00,2026-07-06T14:10:00+09:00,LOW,LOW,161.9720001220703,161.9199981689453,-0.052002,0.1428431956178308,0.8571568043821691,0.8571568043821691,WIN
20260706_0610,2026-07-06T14:10:00+09:00,2026-07-06T14:15:00+09:00,LOW,HIGH,161.9199981689453,161.95399475097656,0.033997,0.3039519144334902,0.6960480855665098,0.6960480855665098,LOSE
20260706_0615,2026-07-06T14:15:00+09:00,2026-07-06T14:20:00+09:00,LOW,LOW,161.95399475097656,161.947998046875,-0.005997,0.2315831837325128,0.7684168162674871,0.7684168162674871,WIN
20260706_0620,2026-07-06T14:20:00+09:00,2026-07-06T14:25:00+09:00,LOW,LOW,161.947998046875,161.94700622558594,-0.000992,0.2337142599785068,0.7662857400214931,0.7662857400214931,WIN
20260706_0625,2026-07-06T14:25:00+09:00,2026-07-06T14:30:00+09:00,LOW,LOW,161.94700622558594,161.9340057373047,-0.013,0.2393661623978573,0.7606338376021426,0.7606338376021426,WIN
20260706_0630,2026-07-06T14:30:00+09:00,2026-07-06T14:35:00+09:00,LOW,HIGH,161.9340057373047,161.9409942626953,0.006989,0.3063552229925482,0.6936447770074519,0.6936447770074519,LOSE
20260706_0635,2026-07-06T14:35:00+09:00,2026-07-06T14:40:00+09:00,LOW,FLAT,161.9409942626953,161.9409942626953,0.0,0.2629818984055196,0.7370181015944803,0.7370181015944803,LOSE
20260706_0640,2026-07-06T14:40:00+09:00,2026-07-06T14:45:00+09:00,LOW,HIGH,161.9409942626953,161.94400024414062,0.003006,0.2447974691157104,0.7552025308842896,0.7552025308842896,LOSE
20260706_0645,2026-07-06T14:45:00+09:00,2026-07-06T14:50:00+09:00,LOW,HIGH,161.94400024414062,161.9759979248047,0.031998,0.2742717676785692,0.7257282323214308,0.7257282323214308,LOSE
20260706_0650,2026-07-06T14:50:00+09:00,2026-07-06T14:55:00+09:00,LOW,HIGH,161.9759979248047,162.06900024414062,0.093002,0.3585177712594492,0.6414822287405508,0.6414822287405508,LOSE
20260706_0655,2026-07-06T14:55:00+09:00,2026-07-06T15:00:00+09:00,LOW,HIGH,162.06900024414062,162.07899475097656,0.009995,0.166218920287547,0.833781079712453,0.833781079712453,LOSE
20260706_0700,2026-07-06T15:00:00+09:00,2026-07-06T15:05:00+09:00,LOW,LOW,162.07899475097656,162.05599975585938,-0.022995,0.2370043904187356,0.7629956095812643,0.7629956095812643,WIN
20260706_0705,2026-07-06T15:05:00+09:00,2026-07-06T15:10:00+09:00,LOW,HIGH,162.05599975585938,162.09500122070312,0.039001,0.3424460074934757,0.6575539925065244,0.6575539925065244,LOSE
20260706_0710,2026-07-06T15:10:00+09:00,2026-07-06T15:15:00+09:00,LOW,HIGH,162.09500122070312,162.20799255371094,0.112991,0.1288189423141998,0.8711810576858002,0.8711810576858002,LOSE
20260706_0715,2026-07-06T15:15:00+09:00,2026-07-06T15:20:00+09:00,LOW,LOW,162.20799255371094,162.1479949951172,-0.059998,0.3790543019342536,0.6209456980657464,0.6209456980657464,WIN
20260706_0720,2026-07-06T15:20:00+09:00,2026-07-06T15:25:00+09:00,LOW,HIGH,162.1479949951172,162.19000244140625,0.042007,0.2770783458070498,0.7229216541929502,0.7229216541929502,LOSE
20260706_0725,2026-07-06T15:25:00+09:00,2026-07-06T15:30:00+09:00,LOW,LOW,162.19000244140625,162.13400268554688,-0.056,0.1773489205932514,0.8226510794067485,0.8226510794067485,WIN
20260706_0730,2026-07-06T15:30:00+09:00,2026-07-06T15:35:00+09:00,HIGH,HIGH,162.13400268554688,162.16200256347656,0.028,0.5054604075031498,0.4945395924968502,0.5054604075031498,WIN
20260706_0735,2026-07-06T15:35:00+09:00,2026-07-06T15:40:00+09:00,LOW,LOW,162.16200256347656,162.1439971923828,-0.018005,0.1843851499912126,0.8156148500087874,0.8156148500087874,WIN
20260706_0740,2026-07-06T15:40:00+09:00,2026-07-06T15:45:00+09:00,LOW,HIGH,162.1439971923828,162.1719970703125,0.028,0.2918467811679489,0.7081532188320512,0.7081532188320512,LOSE
20260706_0745,2026-07-06T15:45:00+09:00,2026-07-06T15:50:00+09:00,LOW,HIGH,162.1719970703125,162.1790008544922,0.007004,0.438800837001043,0.561199162998957,0.561199162998957,LOSE
20260706_0750,2026-07-06T15:50:00+09:00,2026-07-06T15:55:00+09:00,LOW,HIGH,162.1790008544922,162.2969970703125,0.117996,0.3674421387302468,0.6325578612697531,0.6325578612697531,LOSE
20260706_0755,2026-07-06T15:55:00+09:00,2026-07-06T16:00:00+09:00,LOW,LOW,162.2969970703125,162.27200317382812,-0.024994,0.2360003734520721,0.7639996265479279,0.7639996265479279,WIN
20260706_0800,2026-07-06T16:00:00+09:00,2026-07-06T16:05:00+09:00,LOW,HIGH,162.27200317382812,162.2899932861328,0.01799,0.2638907245223486,0.7361092754776514,0.7361092754776514,LOSE
20260706_0805,2026-07-06T16:05:00+09:00,2026-07-06T16:10:00+09:00,LOW,LOW,162.2899932861328,162.23399353027344,-0.056,0.2702776964601855,0.7297223035398144,0.7297223035398144,WIN
20260706_0810,2026-07-06T16:10:00+09:00,2026-07-06T16:15:00+09:00,LOW,LOW,162.23399353027344,162.22999572753906,-0.003998,0.3175324617445288,0.6824675382554712,0.6824675382554712,WIN
20260706_0815,2026-07-06T16:15:00+09:00,2026-07-06T16:20:00+09:00,LOW,HIGH,162.22999572753906,162.26699829101562,0.037003,0.265618969118383,0.734381030881617,0.734381030881617,LOSE
20260706_0820,2026-07-06T16:20:00+09:00,2026-07-06T16:25:00+09:00,LOW,HIGH,162.26699829101562,162.2729949951172,0.005997,0.4244389492437208,0.5755610507562792,0.5755610507562792,LOSE
20260706_0825,2026-07-06T16:25:00+09:00,2026-07-06T16:30:00+09:00,LOW,LOW,162.2729949951172,162.18299865722656,-0.089996,0.3214801062725111,0.6785198937274889,0.6785198937274889,WIN
20260706_0830,2026-07-06T16:30:00+09:00,2026-07-06T16:35:00+09:00,LOW,HIGH,162.18299865722656,162.2050018310547,0.022003,0.3861697166271363,0.6138302833728637,0.6138302833728637,LOSE
20260706_0835,2026-07-06T16:35:00+09:00,2026-07-06T16:40:00+09:00,HIGH,LOW,162.2050018310547,162.19700622558594,-0.007996,0.5743603666382281,0.4256396333617719,0.5743603666382281,LOSE
20260706_0840,2026-07-06T16:40:00+09:00,2026-07-06T16:45:00+09:00,HIGH,LOW,162.19700622558594,162.19200134277344,-0.005005,0.5534935833995219,0.4465064166004781,0.5534935833995219,LOSE
20260706_0845,2026-07-06T16:45:00+09:00,2026-07-06T16:50:00+09:00,LOW,LOW,162.19200134277344,162.1739959716797,-0.018005,0.2505303433209427,0.7494696566790573,0.7494696566790573,WIN
20260706_0850,2026-07-06T16:50:00+09:00,2026-07-06T16:55:00+09:00,LOW,LOW,162.1739959716797,162.16400146484375,-0.009995,0.2736939654892683,0.7263060345107317,0.7263060345107317,WIN
20260706_0855,2026-07-06T16:55:00+09:00,2026-07-06T17:00:00+09:00,LOW,HIGH,162.16400146484375,162.2480010986328,0.084,0.1815854122551584,0.8184145877448415,0.8184145877448415,LOSE
20260706_0900,2026-07-06T17:00:00+09:00,2026-07-06T17:05:00+09:00,LOW,HIGH,162.2480010986328,162.2519989013672,0.003998,0.2301717733767511,0.7698282266232489,0.7698282266232489,LOSE
20260706_0905,2026-07-06T17:05:00+09:00,2026-07-06T17:10:00+09:00,LOW,LOW,162.2519989013672,162.24600219726562,-0.005997,0.2729923573812354,0.7270076426187646,0.7270076426187646,WIN
20260706_0910,2026-07-06T17:10:00+09:00,2026-07-06T17:15:00+09:00,LOW,LOW,162.24600219726562,162.21600341796875,-0.029999,0.2329681468885557,0.7670318531114443,0.7670318531114443,WIN
20260706_0915,2026-07-06T17:15:00+09:00,2026-07-06T17:20:00+09:00,LOW,HIGH,162.21600341796875,162.23800659179688,0.022003,0.2401007407168034,0.7598992592831966,0.7598992592831966,LOSE
20260706_0920,2026-07-06T17:20:00+09:00,2026-07-06T17:25:00+09:00,LOW,HIGH,162.23800659179688,162.24000549316406,0.001999,0.3477624684886316,0.6522375315113684,0.6522375315113684,LOSE
20260706_0925,2026-07-06T17:25:00+09:00,2026-07-06T17:30:00+09:00,LOW,HIGH,162.24000549316406,162.2480010986328,0.007996,0.2139517106535159,0.7860482893464841,0.7860482893464841,LOSE
20260706_0930,2026-07-06T17:30:00+09:00,2026-07-06T17:35:00+09:00,LOW,HIGH,162.2480010986328,162.24899291992188,0.000992,0.2818407591787525,0.7181592408212474,0.7181592408212474,LOSE
20260706_0935,2026-07-06T17:35:00+09:00,2026-07-06T17:40:00+09:00,LOW,HIGH,162.24899291992188,162.25,0.001007,0.1479065830141492,0.8520934169858507,0.8520934169858507,LOSE
20260706_0945,2026-07-06T17:45:00+09:00,2026-07-06T17:50:00+09:00,LOW,HIGH,162.2429962158203,162.2480010986328,0.005005,0.2534165459363185,0.7465834540636815,0.7465834540636815,LOSE
20260706_0950,2026-07-06T17:50:00+09:00,2026-07-06T17:55:00+09:00,LOW,LOW,162.2480010986328,162.24000549316406,-0.007996,0.3193616953651421,0.6806383046348579,0.6806383046348579,WIN
20260706_0955,2026-07-06T17:55:00+09:00,2026-07-06T18:00:00+09:00,LOW,LOW,162.24000549316406,162.23199462890625,-0.008011,0.2826696551670417,0.7173303448329583,0.7173303448329583,WIN
20260706_1000,2026-07-06T18:00:00+09:00,2026-07-06T18:05:00+09:00,LOW,HIGH,162.23199462890625,162.24899291992188,0.016998,0.2465096776525505,0.7534903223474494,0.7534903223474494,LOSE
20260706_1005,2026-07-06T18:05:00+09:00,2026-07-06T18:10:00+09:00,LOW,HIGH,162.24899291992188,162.28199768066406,0.033005,0.389210816101722,0.610789183898278,0.610789183898278,LOSE
20260706_1010,2026-07-06T18:10:00+09:00,2026-07-06T18:15:00+09:00,LOW,LOW,162.28199768066406,162.27099609375,-0.011002,0.2898789005861357,0.7101210994138643,0.7101210994138643,WIN
20260706_1015,2026-07-06T18:15:00+09:00,2026-07-06T18:20:00+09:00,LOW,HIGH,162.27099609375,162.27200317382812,0.001007,0.2203784881264434,0.7796215118735565,0.7796215118735565,LOSE
20260706_1020,2026-07-06T18:20:00+09:00,2026-07-06T18:25:00+09:00,LOW,HIGH,162.27200317382812,162.2899932861328,0.01799,0.2450609530877336,0.7549390469122663,0.7549390469122663,LOSE
20260706_1025,2026-07-06T18:25:00+09:00,2026-07-06T18:30:00+09:00,LOW,HIGH,162.2899932861328,162.29299926757812,0.003006,0.2763486881317015,0.7236513118682986,0.7236513118682986,LOSE
20260706_1030,2026-07-06T18:30:00+09:00,2026-07-06T18:35:00+09:00,LOW,LOW,162.29299926757812,162.26300048828125,-0.029999,0.2939316309416048,0.7060683690583951,0.7060683690583951,WIN
20260706_1035,2026-07-06T18:35:00+09:00,2026-07-06T18:40:00+09:00,LOW,HIGH,162.26300048828125,162.26400756835938,0.001007,0.2606664874020947,0.7393335125979053,0.7393335125979053,LOSE
20260706_1040,2026-07-06T18:40:00+09:00,2026-07-06T18:45:00+09:00,LOW,HIGH,162.26400756835938,162.2779998779297,0.013992,0.3539731811554525,0.6460268188445475,0.6460268188445475,LOSE
20260706_1045,2026-07-06T18:45:00+09:00,2026-07-06T18:50:00+09:00,LOW,HIGH,162.2779998779297,162.31500244140625,0.037003,0.2412901813002896,0.7587098186997104,0.7587098186997104,LOSE
20260706_1050,2026-07-06T18:50:00+09:00,2026-07-06T18:55:00+09:00,LOW,LOW,162.31500244140625,162.31300354003906,-0.001999,0.2823942530006111,0.7176057469993888,0.7176057469993888,WIN
20260706_1055,2026-07-06T18:55:00+09:00,2026-07-06T19:00:00+09:00,LOW,HIGH,162.31300354003906,162.37100219726562,0.057999,0.2779695628581062,0.7220304371418937,0.7220304371418937,LOSE
20260706_1100,2026-07-06T19:00:00+09:00,2026-07-06T19:05:00+09:00,LOW,LOW,162.37100219726562,162.33399963378906,-0.037003,0.2087064948624608,0.7912935051375392,0.7912935051375392,WIN
20260706_1105,2026-07-06T19:05:00+09:00,2026-07-06T19:10:00+09:00,LOW,HIGH,162.33399963378906,162.34300231933594,0.009003,0.2556730659831274,0.7443269340168726,0.7443269340168726,LOSE
20260706_1110,2026-07-06T19:10:00+09:00,2026-07-06T19:15:00+09:00,LOW,LOW,162.34300231933594,162.2899932861328,-0.053009,0.1870685387393049,0.812931461260695,0.812931461260695,WIN
20260706_1115,2026-07-06T19:15:00+09:00,2026-07-06T19:20:00+09:00,HIGH,HIGH,162.2899932861328,162.29200744628906,0.002014,0.5536847196559634,0.4463152803440365,0.5536847196559634,WIN
20260706_1120,2026-07-06T19:20:00+09:00,2026-07-06T19:25:00+09:00,LOW,HIGH,162.29200744628906,162.33399963378906,0.041992,0.4385026684550782,0.5614973315449218,0.5614973315449218,LOSE
20260706_1125,2026-07-06T19:25:00+09:00,2026-07-06T19:30:00+09:00,LOW,LOW,162.33399963378906,162.3280029296875,-0.005997,0.2429868304572662,0.7570131695427338,0.7570131695427338,WIN
20260706_1130,2026-07-06T19:30:00+09:00,2026-07-06T19:35:00+09:00,LOW,LOW,162.3280029296875,162.3260040283203,-0.001999,0.2589262183855471,0.7410737816144529,0.7410737816144529,WIN
20260706_1135,2026-07-06T19:35:00+09:00,2026-07-06T19:40:00+09:00,LOW,LOW,162.3260040283203,162.32200622558594,-0.003998,0.2395155984244976,0.7604844015755023,0.7604844015755023,WIN
20260706_1140,2026-07-06T19:40:00+09:00,2026-07-06T19:45:00+09:00,LOW,LOW,162.32200622558594,162.3090057373047,-0.013,0.2293599044446352,0.7706400955553648,0.7706400955553648,WIN
20260706_1145,2026-07-06T19:45:00+09:00,2026-07-06T19:50:00+09:00,LOW,LOW,162.3090057373047,162.302001953125,-0.007004,0.2399365419822004,0.7600634580177995,0.7600634580177995,WIN
20260706_1150,2026-07-06T19:50:00+09:00,2026-07-06T19:55:00+09:00,LOW,HIGH,162.302001953125,162.30599975585938,0.003998,0.2843151681611403,0.7156848318388598,0.7156848318388598,LOSE
20260706_1155,2026-07-06T19:55:00+09:00,2026-07-06T20:00:00+09:00,LOW,HIGH,162.30599975585938,162.3070068359375,0.001007,0.2007392995765971,0.7992607004234029,0.7992607004234029,LOSE
20260706_1200,2026-07-06T20:00:00+09:00,2026-07-06T20:05:00+09:00,LOW,LOW,162.3070068359375,162.2989959716797,-0.008011,0.1912110227028293,0.8087889772971707,0.8087889772971707,WIN
20260706_1205,2026-07-06T20:05:00+09:00,2026-07-06T20:10:00+09:00,LOW,LOW,162.2989959716797,162.2969970703125,-0.001999,0.1473255306064155,0.8526744693935845,0.8526744693935845,WIN
20260706_1210,2026-07-06T20:10:00+09:00,2026-07-06T20:15:00+09:00,LOW,FLAT,162.2969970703125,162.2969970703125,0.0,0.2582695774740495,0.7417304225259505,0.7417304225259505,LOSE
20260706_1215,2026-07-06T20:15:00+09:00,2026-07-06T20:20:00+09:00,LOW,HIGH,162.2969970703125,162.30099487304688,0.003998,0.243634312678857,0.756365687321143,0.756365687321143,LOSE
20260706_1220,2026-07-06T20:20:00+09:00,2026-07-06T20:25:00+09:00,LOW,LOW,162.30099487304688,162.281005859375,-0.019989,0.2406004920072386,0.7593995079927613,0.7593995079927613,WIN
20260706_1225,2026-07-06T20:25:00+09:00,2026-07-06T20:30:00+09:00,LOW,HIGH,162.281005859375,162.29299926757812,0.011993,0.2782478593950941,0.7217521406049059,0.7217521406049059,LOSE
20260706_1230,2026-07-06T20:30:00+09:00,2026-07-06T20:35:00+09:00,LOW,HIGH,162.29299926757812,162.31399536132812,0.020996,0.1165545496182346,0.8834454503817654,0.8834454503817654,LOSE
20260706_1235,2026-07-06T20:35:00+09:00,2026-07-06T20:40:00+09:00,LOW,HIGH,162.31399536132812,162.3179931640625,0.003998,0.1822981720138801,0.8177018279861198,0.8177018279861198,LOSE
20260706_1240,2026-07-06T20:40:00+09:00,2026-07-06T20:45:00+09:00,LOW,LOW,162.3179931640625,162.30999755859375,-0.007996,0.214851081503978,0.7851489184960219,0.7851489184960219,WIN
20260706_1245,2026-07-06T20:45:00+09:00,2026-07-06T20:50:00+09:00,LOW,HIGH,162.30999755859375,162.33099365234375,0.020996,0.2605736903877457,0.7394263096122543,0.7394263096122543,LOSE
20260706_1250,2026-07-06T20:50:00+09:00,2026-07-06T20:55:00+09:00,LOW,LOW,162.33099365234375,162.32000732421875,-0.010986,0.2589655187280342,0.7410344812719658,0.7410344812719658,WIN
20260706_1255,2026-07-06T20:55:00+09:00,2026-07-06T21:00:00+09:00,LOW,HIGH,162.32000732421875,162.33399963378906,0.013992,0.2024184650694507,0.7975815349305493,0.7975815349305493,LOSE
20260706_1300,2026-07-06T21:00:00+09:00,2026-07-06T21:05:00+09:00,LOW,LOW,162.33399963378906,162.33299255371094,-0.001007,0.280084702123763,0.719915297876237,0.719915297876237,WIN
20260706_1305,2026-07-06T21:05:00+09:00,2026-07-06T21:10:00+09:00,LOW,LOW,162.33299255371094,162.31500244140625,-0.01799,0.2353176324352224,0.7646823675647776,0.7646823675647776,WIN
20260706_1315,2026-07-06T21:15:00+09:00,2026-07-06T21:20:00+09:00,LOW,HIGH,162.3090057373047,162.33999633789062,0.030991,0.1411242565949807,0.8588757434050193,0.8588757434050193,LOSE
20260706_1320,2026-07-06T21:20:00+09:00,2026-07-06T21:25:00+09:00,LOW,LOW,162.33999633789062,162.3350067138672,-0.00499,0.2417216858686492,0.7582783141313508,0.7582783141313508,WIN
20260706_1325,2026-07-06T21:25:00+09:00,2026-07-06T21:30:00+09:00,LOW,HIGH,162.3350067138672,162.3489990234375,0.013992,0.2224116199308693,0.7775883800691307,0.7775883800691307,LOSE
20260706_1330,2026-07-06T21:30:00+09:00,2026-07-06T21:35:00+09:00,LOW,HIGH,162.3489990234375,162.35899353027344,0.009995,0.2464047002943261,0.7535952997056738,0.7535952997056738,LOSE
20260706_1335,2026-07-06T21:35:00+09:00,2026-07-06T21:40:00+09:00,LOW,HIGH,162.35899353027344,162.39199829101562,0.033005,0.1992956546196634,0.8007043453803365,0.8007043453803365,LOSE
20260706_1340,2026-07-06T21:40:00+09:00,2026-07-06T21:45:00+09:00,LOW,LOW,162.39199829101562,162.375,-0.016998,0.1060944876899283,0.8939055123100716,0.8939055123100716,WIN
20260706_1345,2026-07-06T21:45:00+09:00,2026-07-06T21:50:00+09:00,LOW,LOW,162.375,162.36500549316406,-0.009995,0.1621087236364368,0.8378912763635632,0.8378912763635632,WIN
20260706_1350,2026-07-06T21:50:00+09:00,2026-07-06T21:55:00+09:00,LOW,HIGH,162.36500549316406,162.40699768066406,0.041992,0.1883572984259275,0.8116427015740724,0.8116427015740724,LOSE
20260706_1355,2026-07-06T21:55:00+09:00,2026-07-06T22:00:00+09:00,LOW,LOW,162.40699768066406,162.3979949951172,-0.009003,0.1870939565887249,0.812906043411275,0.812906043411275,WIN
20260706_1405,2026-07-06T22:05:00+09:00,2026-07-06T22:10:00+09:00,LOW,LOW,162.3800048828125,162.3509979248047,-0.029007,0.2661411368622089,0.7338588631377911,0.7338588631377911,WIN
20260706_1410,2026-07-06T22:10:00+09:00,2026-07-06T22:15:00+09:00,LOW,HIGH,162.3509979248047,162.35400390625,0.003006,0.4232200516323569,0.5767799483676431,0.5767799483676431,LOSE
20260706_1415,2026-07-06T22:15:00+09:00,2026-07-06T22:20:00+09:00,HIGH,LOW,162.35400390625,162.31900024414062,-0.035004,0.5352992949012444,0.4647007050987556,0.5352992949012444,LOSE
20260706_1420,2026-07-06T22:20:00+09:00,2026-07-06T22:25:00+09:00,LOW,HIGH,162.31900024414062,162.32899475097656,0.009995,0.407855379096671,0.592144620903329,0.592144620903329,LOSE
20260706_1425,2026-07-06T22:25:00+09:00,2026-07-06T22:30:00+09:00,LOW,HIGH,162.32899475097656,162.3560028076172,0.027008,0.3610198864211347,0.6389801135788653,0.6389801135788653,LOSE
20260706_1430,2026-07-06T22:30:00+09:00,2026-07-06T22:35:00+09:00,LOW,LOW,162.3560028076172,162.35299682617188,-0.003006,0.2181502620268842,0.7818497379731157,0.7818497379731157,WIN
20260706_1435,2026-07-06T22:35:00+09:00,2026-07-06T22:40:00+09:00,LOW,FLAT,162.35299682617188,162.35299682617188,0.0,0.3405091840135891,0.6594908159864109,0.6594908159864109,LOSE
20260706_1445,2026-07-06T22:45:00+09:00,2026-07-06T22:50:00+09:00,LOW,LOW,162.3560028076172,162.33200073242188,-0.024002,0.1841800105505135,0.8158199894494864,0.8158199894494864,WIN
20260706_1450,2026-07-06T22:50:00+09:00,2026-07-06T22:55:00+09:00,LOW,HIGH,162.33200073242188,162.33799743652344,0.005997,0.3329502310992824,0.6670497689007175,0.6670497689007175,LOSE
20260706_1455,2026-07-06T22:55:00+09:00,2026-07-06T23:00:00+09:00,LOW,LOW,162.33799743652344,162.30799865722656,-0.029999,0.2216530195351445,0.7783469804648555,0.7783469804648555,WIN
20260706_1500,2026-07-06T23:00:00+09:00,2026-07-06T23:05:00+09:00,LOW,LOW,162.30799865722656,162.2989959716797,-0.009003,0.4700801344278235,0.5299198655721765,0.5299198655721765,WIN
20260706_1505,2026-07-06T23:05:00+09:00,2026-07-06T23:10:00+09:00,LOW,LOW,162.2989959716797,162.28500366210938,-0.013992,0.4754388771111893,0.5245611228888107,0.5245611228888107,WIN
20260706_1510,2026-07-06T23:10:00+09:00,2026-07-06T23:15:00+09:00,HIGH,HIGH,162.28500366210938,162.29200744628906,0.007004,0.5475638045303349,0.452436195469665,0.5475638045303349,WIN
20260706_1520,2026-07-06T23:20:00+09:00,2026-07-06T23:25:00+09:00,LOW,LOW,162.29299926757812,162.29100036621094,-0.001999,0.3937633860016472,0.6062366139983528,0.6062366139983528,WIN
20260706_1525,2026-07-06T23:25:00+09:00,2026-07-06T23:30:00+09:00,LOW,HIGH,162.29100036621094,162.3000030517578,0.009003,0.3578355580216876,0.6421644419783124,0.6421644419783124,LOSE
20260706_1530,2026-07-06T23:30:00+09:00,2026-07-06T23:35:00+09:00,LOW,HIGH,162.3000030517578,162.3470001220703,0.046997,0.2039948614644325,0.7960051385355674,0.7960051385355674,LOSE
20260706_1535,2026-07-06T23:35:00+09:00,2026-07-06T23:40:00+09:00,LOW,HIGH,162.3470001220703,162.3489990234375,0.001999,0.1180568129841431,0.8819431870158568,0.8819431870158568,LOSE
20260706_1540,2026-07-06T23:40:00+09:00,2026-07-06T23:45:00+09:00,LOW,LOW,162.3489990234375,162.33900451660156,-0.009995,0.2998334422515769,0.7001665577484231,0.7001665577484231,WIN
20260706_1545,2026-07-06T23:45:00+09:00,2026-07-06T23:50:00+09:00,LOW,LOW,162.33900451660156,162.322998046875,-0.016006,0.2055985614640927,0.7944014385359073,0.7944014385359073,WIN
20260706_1550,2026-07-06T23:50:00+09:00,2026-07-06T23:55:00+09:00,LOW,HIGH,162.322998046875,162.3699951171875,0.046997,0.2627368330636585,0.7372631669363414,0.7372631669363414,LOSE
20260706_1555,2026-07-06T23:55:00+09:00,2026-07-07T00:00:00+09:00,LOW,LOW,162.3699951171875,162.30599975585938,-0.063995,0.1242531478922172,0.8757468521077828,0.8757468521077828,WIN
20260706_1600,2026-07-07T00:00:00+09:00,2026-07-07T00:05:00+09:00,LOW,LOW,162.30599975585938,162.30099487304688,-0.005005,0.413130093753578,0.586869906246422,0.586869906246422,WIN
20260706_1605,2026-07-07T00:05:00+09:00,2026-07-07T00:10:00+09:00,LOW,HIGH,162.30099487304688,162.33799743652344,0.037003,0.3272437319624297,0.6727562680375703,0.6727562680375703,LOSE
20260706_1610,2026-07-07T00:10:00+09:00,2026-07-07T00:15:00+09:00,LOW,LOW,162.33799743652344,162.3300018310547,-0.007996,0.2986974539003687,0.7013025460996313,0.7013025460996313,WIN
20260706_1615,2026-07-07T00:15:00+09:00,2026-07-07T00:20:00+09:00,LOW,LOW,162.3300018310547,162.3249969482422,-0.005005,0.2958173329064907,0.7041826670935092,0.7041826670935092,WIN
20260706_1620,2026-07-07T00:20:00+09:00,2026-07-07T00:25:00+09:00,LOW,HIGH,162.3249969482422,162.33700561523438,0.012009,0.3483213141444953,0.6516786858555046,0.6516786858555046,LOSE
20260706_1625,2026-07-07T00:25:00+09:00,2026-07-07T00:30:00+09:00,LOW,FLAT,162.33700561523438,162.33700561523438,0.0,0.2400253006157631,0.7599746993842369,0.7599746993842369,LOSE
20260706_1630,2026-07-07T00:30:00+09:00,2026-07-07T00:35:00+09:00,LOW,LOW,162.33700561523438,162.32699584960938,-0.01001,0.2086511413059104,0.7913488586940896,0.7913488586940896,WIN
20260706_1635,2026-07-07T00:35:00+09:00,2026-07-07T00:40:00+09:00,LOW,LOW,162.32699584960938,162.2899932861328,-0.037003,0.1923780654868966,0.8076219345131034,0.8076219345131034,WIN
20260706_1640,2026-07-07T00:40:00+09:00,2026-07-07T00:45:00+09:00,LOW,LOW,162.2899932861328,162.28700256347656,-0.002991,0.4527539265590651,0.5472460734409349,0.5472460734409349,WIN
20260706_1645,2026-07-07T00:45:00+09:00,2026-07-07T00:50:00+09:00,LOW,HIGH,162.28700256347656,162.29200744628906,0.005005,0.4670052273613049,0.5329947726386951,0.5329947726386951,LOSE
20260706_1650,2026-07-07T00:50:00+09:00,2026-07-07T00:55:00+09:00,LOW,LOW,162.29200744628906,162.281005859375,-0.011002,0.3700070973135219,0.6299929026864781,0.6299929026864781,WIN
20260706_1655,2026-07-07T00:55:00+09:00,2026-07-07T01:00:00+09:00,LOW,HIGH,162.281005859375,162.30299377441406,0.021988,0.2347635577075917,0.7652364422924083,0.7652364422924083,LOSE
20260706_1700,2026-07-07T01:00:00+09:00,2026-07-07T01:05:00+09:00,LOW,LOW,162.30299377441406,162.29800415039062,-0.00499,0.2700261522933207,0.7299738477066793,0.7299738477066793,WIN
20260706_1705,2026-07-07T01:05:00+09:00,2026-07-07T01:10:00+09:00,LOW,LOW,162.29800415039062,162.2830047607422,-0.014999,0.358807012458878,0.641192987541122,0.641192987541122,WIN
20260706_1710,2026-07-07T01:10:00+09:00,2026-07-07T01:15:00+09:00,LOW,LOW,162.2830047607422,162.27000427246094,-0.013,0.1939858088424901,0.8060141911575098,0.8060141911575098,WIN
20260706_1715,2026-07-07T01:15:00+09:00,2026-07-07T01:20:00+09:00,LOW,LOW,162.27000427246094,162.25599670410156,-0.014008,0.3960009270507969,0.6039990729492031,0.6039990729492031,WIN
20260706_1720,2026-07-07T01:20:00+09:00,2026-07-07T01:25:00+09:00,LOW,LOW,162.25599670410156,162.2449951171875,-0.011002,0.4442476777977191,0.5557523222022809,0.5557523222022809,WIN
20260706_1725,2026-07-07T01:25:00+09:00,2026-07-07T01:30:00+09:00,LOW,HIGH,162.2449951171875,162.2519989013672,0.007004,0.4671707298987878,0.5328292701012122,0.5328292701012122,LOSE
20260706_1730,2026-07-07T01:30:00+09:00,2026-07-07T01:35:00+09:00,LOW,HIGH,162.2519989013672,162.26400756835938,0.012009,0.2605692014832651,0.7394307985167349,0.7394307985167349,LOSE
20260706_1735,2026-07-07T01:35:00+09:00,2026-07-07T01:40:00+09:00,LOW,HIGH,162.26400756835938,162.2779998779297,0.013992,0.2833612646575622,0.7166387353424378,0.7166387353424378,LOSE
20260706_1740,2026-07-07T01:40:00+09:00,2026-07-07T01:45:00+09:00,LOW,HIGH,162.2779998779297,162.29600524902344,0.018005,0.3011246955402626,0.6988753044597373,0.6988753044597373,LOSE
20260706_1745,2026-07-07T01:45:00+09:00,2026-07-07T01:50:00+09:00,LOW,LOW,162.29600524902344,162.26800537109375,-0.028,0.1628633639547786,0.8371366360452213,0.8371366360452213,WIN
20260706_1750,2026-07-07T01:50:00+09:00,2026-07-07T01:55:00+09:00,LOW,HIGH,162.26800537109375,162.2790069580078,0.011002,0.1805696487589105,0.8194303512410894,0.8194303512410894,LOSE
20260706_1755,2026-07-07T01:55:00+09:00,2026-07-07T02:00:00+09:00,LOW,LOW,162.2790069580078,162.25799560546875,-0.021011,0.2063345588258955,0.7936654411741044,0.7936654411741044,WIN
20260706_1800,2026-07-07T02:00:00+09:00,2026-07-07T02:05:00+09:00,LOW,HIGH,162.25799560546875,162.25999450683594,0.001999,0.3859941301715067,0.6140058698284934,0.6140058698284934,LOSE
20260706_1805,2026-07-07T02:05:00+09:00,2026-07-07T02:10:00+09:00,LOW,LOW,162.25999450683594,162.25599670410156,-0.003998,0.1248713338281456,0.8751286661718544,0.8751286661718544,WIN
20260706_1810,2026-07-07T02:10:00+09:00,2026-07-07T02:15:00+09:00,LOW,LOW,162.25599670410156,162.2480010986328,-0.007996,0.2838380896494257,0.7161619103505743,0.7161619103505743,WIN
20260706_1815,2026-07-07T02:15:00+09:00,2026-07-07T02:20:00+09:00,LOW,LOW,162.2480010986328,162.2100067138672,-0.037994,0.3388752206885227,0.6611247793114773,0.6611247793114773,WIN
20260706_1820,2026-07-07T02:20:00+09:00,2026-07-07T02:25:00+09:00,LOW,LOW,162.2100067138672,162.19200134277344,-0.018005,0.2791560024510374,0.7208439975489627,0.7208439975489627,WIN
20260706_1825,2026-07-07T02:25:00+09:00,2026-07-07T02:30:00+09:00,LOW,HIGH,162.19200134277344,162.19400024414062,0.001999,0.4105004526636676,0.5894995473363324,0.5894995473363324,LOSE
20260706_1830,2026-07-07T02:30:00+09:00,2026-07-07T02:35:00+09:00,HIGH,LOW,162.19400024414062,162.17799377441406,-0.016006,0.6291304865421182,0.3708695134578817,0.6291304865421182,LOSE
20260706_1835,2026-07-07T02:35:00+09:00,2026-07-07T02:40:00+09:00,LOW,LOW,162.17799377441406,162.1479949951172,-0.029999,0.3621530655181248,0.6378469344818751,0.6378469344818751,WIN
20260706_1840,2026-07-07T02:40:00+09:00,2026-07-07T02:45:00+09:00,LOW,HIGH,162.1479949951172,162.1529998779297,0.005005,0.3899562478897441,0.610043752110256,0.610043752110256,LOSE
20260706_1845,2026-07-07T02:45:00+09:00,2026-07-07T02:50:00+09:00,LOW,HIGH,162.1529998779297,162.156005859375,0.003006,0.4635748085508726,0.5364251914491274,0.5364251914491274,LOSE
20260706_1850,2026-07-07T02:50:00+09:00,2026-07-07T02:55:00+09:00,LOW,HIGH,162.156005859375,162.16900634765625,0.013,0.2900781086464163,0.7099218913535836,0.7099218913535836,LOSE
20260706_1855,2026-07-07T02:55:00+09:00,2026-07-07T03:00:00+09:00,HIGH,LOW,162.16900634765625,162.1529998779297,-0.016006,0.5624562490230788,0.4375437509769212,0.5624562490230788,LOSE
20260706_1900,2026-07-07T03:00:00+09:00,2026-07-07T03:05:00+09:00,LOW,HIGH,162.1529998779297,162.17599487304688,0.022995,0.3791513377828012,0.6208486622171988,0.6208486622171988,LOSE
20260706_1905,2026-07-07T03:05:00+09:00,2026-07-07T03:10:00+09:00,LOW,LOW,162.17599487304688,162.16099548339844,-0.014999,0.226235935334012,0.7737640646659879,0.7737640646659879,WIN
20260706_1910,2026-07-07T03:10:00+09:00,2026-07-07T03:15:00+09:00,LOW,LOW,162.16099548339844,162.14700317382812,-0.013992,0.1853851461781537,0.8146148538218463,0.8146148538218463,WIN
20260706_1915,2026-07-07T03:15:00+09:00,2026-07-07T03:20:00+09:00,LOW,LOW,162.14700317382812,162.13999938964844,-0.007004,0.315738873259534,0.684261126740466,0.684261126740466,WIN
20260706_1920,2026-07-07T03:20:00+09:00,2026-07-07T03:25:00+09:00,LOW,LOW,162.13999938964844,162.13800048828125,-0.001999,0.3888516543226483,0.6111483456773517,0.6111483456773517,WIN
20260706_1925,2026-07-07T03:25:00+09:00,2026-07-07T03:30:00+09:00,LOW,LOW,162.13800048828125,162.12600708007812,-0.011993,0.4394748774520782,0.5605251225479218,0.5605251225479218,WIN
20260706_1930,2026-07-07T03:30:00+09:00,2026-07-07T03:35:00+09:00,LOW,LOW,162.12600708007812,162.11900329589844,-0.007004,0.4001146753917882,0.5998853246082119,0.5998853246082119,WIN
20260706_1935,2026-07-07T03:35:00+09:00,2026-07-07T03:40:00+09:00,LOW,LOW,162.11900329589844,162.1020050048828,-0.016998,0.2963097362412911,0.7036902637587089,0.7036902637587089,WIN
20260706_1940,2026-07-07T03:40:00+09:00,2026-07-07T03:45:00+09:00,LOW,LOW,162.1020050048828,162.0749969482422,-0.027008,0.4601246167802352,0.5398753832197647,0.5398753832197647,WIN
20260706_1945,2026-07-07T03:45:00+09:00,2026-07-07T03:50:00+09:00,HIGH,LOW,162.0749969482422,162.052001953125,-0.022995,0.5237777760549812,0.4762222239450188,0.5237777760549812,LOSE
20260706_1950,2026-07-07T03:50:00+09:00,2026-07-07T03:55:00+09:00,LOW,LOW,162.052001953125,162.031005859375,-0.020996,0.3657362803692313,0.6342637196307687,0.6342637196307687,WIN
20260706_1955,2026-07-07T03:55:00+09:00,2026-07-07T04:00:00+09:00,HIGH,HIGH,162.031005859375,162.0489959716797,0.01799,0.534156291317865,0.465843708682135,0.534156291317865,WIN
20260706_2000,2026-07-07T04:00:00+09:00,2026-07-07T04:05:00+09:00,LOW,HIGH,162.0489959716797,162.0749969482422,0.026001,0.4092732751351607,0.5907267248648392,0.5907267248648392,LOSE
20260706_2005,2026-07-07T04:05:00+09:00,2026-07-07T04:10:00+09:00,LOW,HIGH,162.0749969482422,162.08099365234375,0.005997,0.2760552196106166,0.7239447803893834,0.7239447803893834,LOSE
20260706_2010,2026-07-07T04:10:00+09:00,2026-07-07T04:15:00+09:00,LOW,LOW,162.08099365234375,162.0749969482422,-0.005997,0.3173912415701884,0.6826087584298115,0.6826087584298115,WIN
20260706_2015,2026-07-07T04:15:00+09:00,2026-07-07T04:20:00+09:00,LOW,HIGH,162.0749969482422,162.0989990234375,0.024002,0.2072300184859691,0.7927699815140308,0.7927699815140308,LOSE
20260706_2020,2026-07-07T04:20:00+09:00,2026-07-07T04:25:00+09:00,LOW,HIGH,162.0989990234375,162.10299682617188,0.003998,0.2545942107646323,0.7454057892353676,0.7454057892353676,LOSE
20260706_2025,2026-07-07T04:25:00+09:00,2026-07-07T04:30:00+09:00,LOW,LOW,162.10299682617188,162.06300354003906,-0.039993,0.2848206428234953,0.7151793571765047,0.7151793571765047,WIN
20260706_2030,2026-07-07T04:30:00+09:00,2026-07-07T04:35:00+09:00,LOW,HIGH,162.06300354003906,162.0749969482422,0.011993,0.3638375886913406,0.6361624113086595,0.6361624113086595,LOSE
20260706_2035,2026-07-07T04:35:00+09:00,2026-07-07T04:40:00+09:00,HIGH,HIGH,162.0749969482422,162.09500122070312,0.020004,0.5467131793718335,0.4532868206281665,0.5467131793718335,WIN
20260706_2040,2026-07-07T04:40:00+09:00,2026-07-07T04:45:00+09:00,LOW,LOW,162.09500122070312,162.08799743652344,-0.007004,0.1514942341154282,0.8485057658845718,0.8485057658845718,WIN
20260706_2045,2026-07-07T04:45:00+09:00,2026-07-07T04:50:00+09:00,LOW,LOW,162.08799743652344,162.06500244140625,-0.022995,0.3156067619354973,0.6843932380645026,0.6843932380645026,WIN
20260706_2050,2026-07-07T04:50:00+09:00,2026-07-07T04:55:00+09:00,LOW,LOW,162.06500244140625,162.03900146484375,-0.026001,0.3498278544191605,0.6501721455808395,0.6501721455808395,WIN
20260706_2055,2026-07-07T04:55:00+09:00,2026-07-07T05:00:00+09:00,LOW,LOW,162.03900146484375,162.03399658203125,-0.005005,0.366156189848365,0.6338438101516349,0.6338438101516349,WIN
20260706_2100,2026-07-07T05:00:00+09:00,2026-07-07T05:05:00+09:00,LOW,HIGH,162.03399658203125,162.03500366210938,0.001007,0.4708739180972562,0.5291260819027437,0.5291260819027437,LOSE
20260706_2105,2026-07-07T05:05:00+09:00,2026-07-07T05:10:00+09:00,LOW,HIGH,162.03500366210938,162.0590057373047,0.024002,0.3266622414860456,0.6733377585139544,0.6733377585139544,LOSE
20260706_2110,2026-07-07T05:10:00+09:00,2026-07-07T05:15:00+09:00,LOW,HIGH,162.0590057373047,162.07899475097656,0.019989,0.3206281048266693,0.6793718951733307,0.6793718951733307,LOSE
20260706_2115,2026-07-07T05:15:00+09:00,2026-07-07T05:20:00+09:00,LOW,LOW,162.07899475097656,162.07699584960938,-0.001999,0.2326747650861349,0.7673252349138651,0.7673252349138651,WIN
20260706_2120,2026-07-07T05:20:00+09:00,2026-07-07T05:25:00+09:00,LOW,FLAT,162.07699584960938,162.07699584960938,0.0,0.2724630112100194,0.7275369887899805,0.7275369887899805,LOSE
20260706_2125,2026-07-07T05:25:00+09:00,2026-07-07T05:30:00+09:00,LOW,HIGH,162.07699584960938,162.08399963378906,0.007004,0.1613273142504068,0.8386726857495932,0.8386726857495932,LOSE
20260706_2130,2026-07-07T05:30:00+09:00,2026-07-07T05:35:00+09:00,LOW,HIGH,162.08399963378906,162.0919952392578,0.007996,0.1666706327065045,0.8333293672934955,0.8333293672934955,LOSE
20260706_2135,2026-07-07T05:35:00+09:00,2026-07-07T05:40:00+09:00,LOW,LOW,162.0919952392578,162.08599853515625,-0.005997,0.2802359376853054,0.7197640623146946,0.7197640623146946,WIN
20260706_2140,2026-07-07T05:40:00+09:00,2026-07-07T05:45:00+09:00,LOW,HIGH,162.08599853515625,162.11099243164062,0.024994,0.3702072072459664,0.6297927927540337,0.6297927927540337,LOSE
20260706_2145,2026-07-07T05:45:00+09:00,2026-07-07T05:50:00+09:00,LOW,LOW,162.11099243164062,162.0919952392578,-0.018997,0.2740682298004924,0.7259317701995076,0.7259317701995076,WIN
20260706_2150,2026-07-07T05:50:00+09:00,2026-07-07T05:55:00+09:00,LOW,LOW,162.0919952392578,162.08299255371094,-0.009003,0.1460802061459356,0.8539197938540644,0.8539197938540644,WIN
20260706_2155,2026-07-07T05:55:00+09:00,2026-07-07T06:00:00+09:00,LOW,LOW,162.08299255371094,162.03700256347656,-0.04599,0.2539443162100759,0.746055683789924,0.746055683789924,WIN
20260706_2200,2026-07-07T06:00:00+09:00,2026-07-07T06:05:00+09:00,LOW,HIGH,162.03700256347656,162.0449981689453,0.007996,0.2615251162015928,0.7384748837984072,0.7384748837984072,LOSE
20260706_2205,2026-07-07T06:05:00+09:00,2026-07-07T06:10:00+09:00,HIGH,LOW,162.0449981689453,162.04400634765625,-0.000992,0.5319262645332357,0.4680737354667643,0.5319262645332357,LOSE
20260706_2210,2026-07-07T06:10:00+09:00,2026-07-07T06:15:00+09:00,LOW,HIGH,162.04400634765625,162.05099487304688,0.006989,0.3080606729057047,0.6919393270942953,0.6919393270942953,LOSE
20260706_2215,2026-07-07T06:15:00+09:00,2026-07-07T06:20:00+09:00,LOW,LOW,162.05099487304688,162.0469970703125,-0.003998,0.2268850244581716,0.7731149755418283,0.7731149755418283,WIN
20260706_2220,2026-07-07T06:20:00+09:00,2026-07-07T06:25:00+09:00,LOW,HIGH,162.0469970703125,162.05499267578125,0.007996,0.300507032594925,0.6994929674050749,0.6994929674050749,LOSE
20260706_2225,2026-07-07T06:25:00+09:00,2026-07-07T06:30:00+09:00,LOW,HIGH,162.05499267578125,162.0590057373047,0.004013,0.1477641515972513,0.8522358484027486,0.8522358484027486,LOSE
20260706_2230,2026-07-07T06:30:00+09:00,2026-07-07T06:35:00+09:00,LOW,HIGH,162.0590057373047,162.07899475097656,0.019989,0.1851621265383131,0.8148378734616868,0.8148378734616868,LOSE
20260706_2235,2026-07-07T06:35:00+09:00,2026-07-07T06:40:00+09:00,LOW,HIGH,162.07899475097656,162.10000610351562,0.021011,0.2199396733232007,0.7800603266767993,0.7800603266767993,LOSE
20260706_2240,2026-07-07T06:40:00+09:00,2026-07-07T06:45:00+09:00,LOW,LOW,162.10000610351562,162.05299377441406,-0.047012,0.1309916745167403,0.8690083254832597,0.8690083254832597,WIN
20260706_2245,2026-07-07T06:45:00+09:00,2026-07-07T06:50:00+09:00,LOW,HIGH,162.05299377441406,162.06199645996094,0.009003,0.3205339864757263,0.6794660135242737,0.6794660135242737,LOSE
20260706_2250,2026-07-07T06:50:00+09:00,2026-07-07T06:55:00+09:00,LOW,FLAT,162.06199645996094,162.06199645996094,0.0,0.3971356009393623,0.6028643990606377,0.6028643990606377,LOSE
20260706_2255,2026-07-07T06:55:00+09:00,2026-07-07T07:00:00+09:00,LOW,LOW,162.06199645996094,162.0469970703125,-0.014999,0.1983785821462916,0.8016214178537084,0.8016214178537084,WIN
20260706_2300,2026-07-07T07:00:00+09:00,2026-07-07T07:05:00+09:00,LOW,HIGH,162.0469970703125,162.06900024414062,0.022003,0.2642293501260475,0.7357706498739525,0.7357706498739525,LOSE
20260706_2305,2026-07-07T07:05:00+09:00,2026-07-07T07:10:00+09:00,LOW,LOW,162.06900024414062,162.0489959716797,-0.020004,0.1998782534538051,0.800121746546195,0.800121746546195,WIN
20260706_2310,2026-07-07T07:10:00+09:00,2026-07-07T07:15:00+09:00,LOW,LOW,162.0489959716797,162.0399932861328,-0.009003,0.3318555609674145,0.6681444390325855,0.6681444390325855,WIN
20260706_2315,2026-07-07T07:15:00+09:00,2026-07-07T07:20:00+09:00,LOW,HIGH,162.0399932861328,162.0919952392578,0.052002,0.1935211124880337,0.8064788875119663,0.8064788875119663,LOSE
20260706_2320,2026-07-07T07:20:00+09:00,2026-07-07T07:25:00+09:00,LOW,LOW,162.0919952392578,162.072998046875,-0.018997,0.3127313488444972,0.6872686511555028,0.6872686511555028,WIN
20260706_2325,2026-07-07T07:25:00+09:00,2026-07-07T07:30:00+09:00,LOW,LOW,162.072998046875,162.0679931640625,-0.005005,0.4314344668970018,0.5685655331029982,0.5685655331029982,WIN
20260706_2330,2026-07-07T07:30:00+09:00,2026-07-07T07:35:00+09:00,LOW,HIGH,162.0679931640625,162.0780029296875,0.01001,0.3775563243066268,0.6224436756933732,0.6224436756933732,LOSE
20260706_2335,2026-07-07T07:35:00+09:00,2026-07-07T07:40:00+09:00,LOW,FLAT,162.0780029296875,162.0780029296875,0.0,0.3090995409804795,0.6909004590195205,0.6909004590195205,LOSE
20260706_2340,2026-07-07T07:40:00+09:00,2026-07-07T07:45:00+09:00,LOW,LOW,162.0780029296875,162.07000732421875,-0.007996,0.1780396086647739,0.8219603913352261,0.8219603913352261,WIN
20260706_2345,2026-07-07T07:45:00+09:00,2026-07-07T07:50:00+09:00,LOW,LOW,162.07000732421875,162.06700134277344,-0.003006,0.243144974769429,0.7568550252305709,0.7568550252305709,WIN
20260706_2350,2026-07-07T07:50:00+09:00,2026-07-07T07:55:00+09:00,LOW,LOW,162.06700134277344,162.05999755859375,-0.007004,0.2376077877394286,0.7623922122605713,0.7623922122605713,WIN
20260706_2355,2026-07-07T07:55:00+09:00,2026-07-07T08:00:00+09:00,LOW,LOW,162.05999755859375,161.99899291992188,-0.061005,0.3654687380040921,0.6345312619959078,0.6345312619959078,WIN
20260707_0000,2026-07-07T08:00:00+09:00,2026-07-07T08:05:00+09:00,HIGH,HIGH,161.99899291992188,162.02200317382812,0.02301,0.6251311129414188,0.3748688870585812,0.6251311129414188,WIN
20260707_0005,2026-07-07T08:05:00+09:00,2026-07-07T08:10:00+09:00,HIGH,HIGH,162.02200317382812,162.03500366210938,0.013,0.5436602473286637,0.4563397526713363,0.5436602473286637,WIN
20260707_0010,2026-07-07T08:10:00+09:00,2026-07-07T08:15:00+09:00,LOW,LOW,162.03500366210938,162.01800537109375,-0.016998,0.2273483231155171,0.7726516768844829,0.7726516768844829,WIN
20260707_0020,2026-07-07T08:20:00+09:00,2026-07-07T08:25:00+09:00,LOW,HIGH,162.01800537109375,162.03199768066406,0.013992,0.3229551338842266,0.6770448661157733,0.6770448661157733,LOSE
20260707_0025,2026-07-07T08:25:00+09:00,2026-07-07T08:30:00+09:00,LOW,LOW,162.03199768066406,162.01800537109375,-0.013992,0.2912925414749238,0.7087074585250762,0.7087074585250762,WIN
20260707_0030,2026-07-07T08:30:00+09:00,2026-07-07T08:35:00+09:00,LOW,HIGH,162.01800537109375,162.04100036621094,0.022995,0.1535144439812467,0.8464855560187532,0.8464855560187532,LOSE
20260707_0035,2026-07-07T08:35:00+09:00,2026-07-07T08:40:00+09:00,LOW,HIGH,162.04100036621094,162.06199645996094,0.020996,0.3947185721895188,0.6052814278104812,0.6052814278104812,LOSE
20260707_0040,2026-07-07T08:40:00+09:00,2026-07-07T08:45:00+09:00,LOW,LOW,162.06199645996094,162.0590057373047,-0.002991,0.2616626959667686,0.7383373040332314,0.7383373040332314,WIN
20260707_0045,2026-07-07T08:45:00+09:00,2026-07-07T08:50:00+09:00,LOW,HIGH,162.0590057373047,162.08599853515625,0.026993,0.3482173582577325,0.6517826417422674,0.6517826417422674,LOSE
20260707_0050,2026-07-07T08:50:00+09:00,2026-07-07T08:55:00+09:00,LOW,HIGH,162.08599853515625,162.0919952392578,0.005997,0.1593562157584265,0.8406437842415735,0.8406437842415735,LOSE
20260707_0055,2026-07-07T08:55:00+09:00,2026-07-07T09:00:00+09:00,LOW,HIGH,162.0919952392578,162.0989990234375,0.007004,0.2613306596351847,0.7386693403648152,0.7386693403648152,LOSE
20260707_0100,2026-07-07T09:00:00+09:00,2026-07-07T09:05:00+09:00,LOW,HIGH,162.0989990234375,162.12100219726562,0.022003,0.2644494951624844,0.7355505048375155,0.7355505048375155,LOSE
20260707_0105,2026-07-07T09:05:00+09:00,2026-07-07T09:10:00+09:00,LOW,FLAT,162.12100219726562,162.12100219726562,0.0,0.2220897522993166,0.7779102477006834,0.7779102477006834,LOSE
20260707_0110,2026-07-07T09:10:00+09:00,2026-07-07T09:15:00+09:00,LOW,HIGH,162.12100219726562,162.15499877929688,0.033997,0.1882258513724382,0.8117741486275618,0.8117741486275618,LOSE
20260707_0115,2026-07-07T09:15:00+09:00,2026-07-07T09:20:00+09:00,LOW,HIGH,162.15499877929688,162.1739959716797,0.018997,0.2412466117689357,0.7587533882310643,0.7587533882310643,LOSE
20260707_0120,2026-07-07T09:20:00+09:00,2026-07-07T09:25:00+09:00,LOW,HIGH,162.1739959716797,162.177001953125,0.003006,0.2268630391089088,0.7731369608910912,0.7731369608910912,LOSE
20260707_0125,2026-07-07T09:25:00+09:00,2026-07-07T09:30:00+09:00,LOW,LOW,162.177001953125,162.15699768066406,-0.020004,0.188497917115076,0.811502082884924,0.811502082884924,WIN
20260707_0130,2026-07-07T09:30:00+09:00,2026-07-07T09:35:00+09:00,LOW,LOW,162.15699768066406,162.14700317382812,-0.009995,0.1984509443598024,0.8015490556401976,0.8015490556401976,WIN
20260707_0135,2026-07-07T09:35:00+09:00,2026-07-07T09:40:00+09:00,LOW,LOW,162.14700317382812,162.13800048828125,-0.009003,0.3000037938990045,0.6999962061009954,0.6999962061009954,WIN
20260707_0140,2026-07-07T09:40:00+09:00,2026-07-07T09:45:00+09:00,LOW,HIGH,162.13800048828125,162.1540069580078,0.016006,0.3092150644055058,0.6907849355944942,0.6907849355944942,LOSE
20260707_0145,2026-07-07T09:45:00+09:00,2026-07-07T09:50:00+09:00,LOW,LOW,162.1540069580078,162.11300659179688,-0.041,0.2888111399835132,0.7111888600164867,0.7111888600164867,WIN
20260707_0150,2026-07-07T09:50:00+09:00,2026-07-07T09:55:00+09:00,LOW,HIGH,162.11300659179688,162.11900329589844,0.005997,0.3821622333553119,0.6178377666446881,0.6178377666446881,LOSE
20260707_0155,2026-07-07T09:55:00+09:00,2026-07-07T10:00:00+09:00,LOW,HIGH,162.11900329589844,162.1269989013672,0.007996,0.3289712865808512,0.6710287134191488,0.6710287134191488,LOSE
20260707_0200,2026-07-07T10:00:00+09:00,2026-07-07T10:05:00+09:00,LOW,LOW,162.1269989013672,162.1179962158203,-0.009003,0.4336623134596391,0.5663376865403609,0.5663376865403609,WIN
20260707_0205,2026-07-07T10:05:00+09:00,2026-07-07T10:10:00+09:00,LOW,HIGH,162.1179962158203,162.13299560546875,0.014999,0.4213138060614831,0.5786861939385168,0.5786861939385168,LOSE
20260707_0210,2026-07-07T10:10:00+09:00,2026-07-07T10:15:00+09:00,LOW,LOW,162.13299560546875,162.1199951171875,-0.013,0.3147744321367974,0.6852255678632027,0.6852255678632027,WIN
20260707_0215,2026-07-07T10:15:00+09:00,2026-07-07T10:20:00+09:00,LOW,LOW,162.1199951171875,162.06900024414062,-0.050995,0.224435639686696,0.7755643603133039,0.7755643603133039,WIN
20260707_0220,2026-07-07T10:20:00+09:00,2026-07-07T10:25:00+09:00,HIGH,LOW,162.06900024414062,162.0659942626953,-0.003006,0.5076278716634647,0.4923721283365353,0.5076278716634647,LOSE
20260707_0225,2026-07-07T10:25:00+09:00,2026-07-07T10:30:00+09:00,LOW,LOW,162.0659942626953,161.88099670410156,-0.184998,0.3651151052708696,0.6348848947291303,0.6348848947291303,WIN
20260707_0230,2026-07-07T10:30:00+09:00,2026-07-07T10:35:00+09:00,LOW,HIGH,161.88099670410156,161.95899963378906,0.078003,0.3946111210659944,0.6053888789340056,0.6053888789340056,LOSE
20260707_0235,2026-07-07T10:35:00+09:00,2026-07-07T10:40:00+09:00,LOW,HIGH,161.95899963378906,161.96400451660156,0.005005,0.4691511051200883,0.5308488948799117,0.5308488948799117,LOSE
20260707_0240,2026-07-07T10:40:00+09:00,2026-07-07T10:45:00+09:00,LOW,LOW,161.96400451660156,161.8820037841797,-0.082001,0.3697698163912621,0.6302301836087378,0.6302301836087378,WIN
20260707_0245,2026-07-07T10:45:00+09:00,2026-07-07T10:50:00+09:00,LOW,LOW,161.8820037841797,161.77999877929688,-0.102005,0.2341592235946614,0.7658407764053385,0.7658407764053385,WIN
20260707_0250,2026-07-07T10:50:00+09:00,2026-07-07T10:55:00+09:00,LOW,HIGH,161.77999877929688,161.83799743652344,0.057999,0.3644818965331771,0.6355181034668229,0.6355181034668229,LOSE
20260707_0255,2026-07-07T10:55:00+09:00,2026-07-07T11:00:00+09:00,LOW,LOW,161.83799743652344,161.822998046875,-0.014999,0.4026329162686099,0.59736708373139,0.59736708373139,WIN
20260707_0300,2026-07-07T11:00:00+09:00,2026-07-07T11:05:00+09:00,LOW,HIGH,161.822998046875,161.8509979248047,0.028,0.2915792675831717,0.7084207324168282,0.7084207324168282,LOSE
20260707_0305,2026-07-07T11:05:00+09:00,2026-07-07T11:10:00+09:00,LOW,LOW,161.8509979248047,161.8459930419922,-0.005005,0.2996274335389556,0.7003725664610444,0.7003725664610444,WIN
20260707_0310,2026-07-07T11:10:00+09:00,2026-07-07T11:15:00+09:00,LOW,HIGH,161.8459930419922,161.88299560546875,0.037003,0.4183173817253924,0.5816826182746075,0.5816826182746075,LOSE
20260707_0315,2026-07-07T11:15:00+09:00,2026-07-07T11:20:00+09:00,LOW,LOW,161.88299560546875,161.8780059814453,-0.00499,0.2872204049540351,0.7127795950459649,0.7127795950459649,WIN
20260707_0320,2026-07-07T11:20:00+09:00,2026-07-07T11:25:00+09:00,LOW,HIGH,161.8780059814453,161.89599609375,0.01799,0.2038287557963681,0.796171244203632,0.796171244203632,LOSE
20260707_0325,2026-07-07T11:25:00+09:00,2026-07-07T11:30:00+09:00,LOW,LOW,161.89599609375,161.89199829101562,-0.003998,0.3277995082488447,0.6722004917511553,0.6722004917511553,WIN
20260707_0330,2026-07-07T11:30:00+09:00,2026-07-07T11:35:00+09:00,LOW,LOW,161.89199829101562,161.87899780273438,-0.013,0.307732246765492,0.692267753234508,0.692267753234508,WIN
20260707_0335,2026-07-07T11:35:00+09:00,2026-07-07T11:40:00+09:00,LOW,HIGH,161.87899780273438,161.89700317382812,0.018005,0.3186975267072587,0.6813024732927413,0.6813024732927413,LOSE
20260707_0340,2026-07-07T11:40:00+09:00,2026-07-07T11:45:00+09:00,LOW,LOW,161.89700317382812,161.8939971923828,-0.003006,0.3506889967119281,0.6493110032880719,0.6493110032880719,WIN
20260707_0345,2026-07-07T11:45:00+09:00,2026-07-07T11:50:00+09:00,LOW,LOW,161.8939971923828,161.88999938964844,-0.003998,0.3143435181856368,0.6856564818143631,0.6856564818143631,WIN
20260707_0350,2026-07-07T11:50:00+09:00,2026-07-07T11:55:00+09:00,LOW,HIGH,161.88999938964844,161.91200256347656,0.022003,0.4869090550053022,0.5130909449946979,0.5130909449946979,LOSE
20260707_0355,2026-07-07T11:55:00+09:00,2026-07-07T12:00:00+09:00,LOW,LOW,161.91200256347656,161.88800048828125,-0.024002,0.3233200286168962,0.6766799713831038,0.6766799713831038,WIN
20260707_0400,2026-07-07T12:00:00+09:00,2026-07-07T12:05:00+09:00,LOW,HIGH,161.88800048828125,161.89500427246094,0.007004,0.4212810362453386,0.5787189637546615,0.5787189637546615,LOSE
20260707_0405,2026-07-07T12:05:00+09:00,2026-07-07T12:10:00+09:00,LOW,LOW,161.89500427246094,161.88900756835938,-0.005997,0.4854574214690033,0.5145425785309967,0.5145425785309967,WIN
20260707_0410,2026-07-07T12:10:00+09:00,2026-07-07T12:15:00+09:00,LOW,LOW,161.88900756835938,161.85699462890625,-0.032013,0.4388090632495687,0.5611909367504313,0.5611909367504313,WIN
20260707_0415,2026-07-07T12:15:00+09:00,2026-07-07T12:20:00+09:00,HIGH,LOW,161.85699462890625,161.82200622558594,-0.034988,0.6570627068515711,0.3429372931484289,0.6570627068515711,LOSE
20260707_0420,2026-07-07T12:20:00+09:00,2026-07-07T12:25:00+09:00,HIGH,HIGH,161.82200622558594,161.8249969482422,0.002991,0.6826155007413546,0.3173844992586454,0.6826155007413546,WIN
20260707_0425,2026-07-07T12:25:00+09:00,2026-07-07T12:30:00+09:00,HIGH,HIGH,161.8249969482422,161.83999633789062,0.014999,0.6144705578175366,0.3855294421824634,0.6144705578175366,WIN
20260707_0430,2026-07-07T12:30:00+09:00,2026-07-07T12:35:00+09:00,LOW,LOW,161.83999633789062,161.83599853515625,-0.003998,0.3916807083197145,0.6083192916802855,0.6083192916802855,WIN
20260707_0435,2026-07-07T12:35:00+09:00,2026-07-07T12:40:00+09:00,LOW,HIGH,161.83599853515625,161.87899780273438,0.042999,0.3969365075799964,0.6030634924200036,0.6030634924200036,LOSE
20260707_0440,2026-07-07T12:40:00+09:00,2026-07-07T12:45:00+09:00,LOW,LOW,161.87899780273438,161.8520050048828,-0.026993,0.3288118570603072,0.6711881429396928,0.6711881429396928,WIN
20260707_0445,2026-07-07T12:45:00+09:00,2026-07-07T12:50:00+09:00,LOW,HIGH,161.8520050048828,161.8769989013672,0.024994,0.347088950484366,0.6529110495156341,0.6529110495156341,LOSE
20260707_0450,2026-07-07T12:50:00+09:00,2026-07-07T12:55:00+09:00,LOW,LOW,161.8769989013672,161.86500549316406,-0.011993,0.3440802701500278,0.6559197298499722,0.6559197298499722,WIN
20260707_0455,2026-07-07T12:55:00+09:00,2026-07-07T13:00:00+09:00,LOW,HIGH,161.86500549316406,161.87100219726562,0.005997,0.3568927365598998,0.6431072634401002,0.6431072634401002,LOSE
20260707_0500,2026-07-07T13:00:00+09:00,2026-07-07T13:05:00+09:00,LOW,LOW,161.87100219726562,161.8419952392578,-0.029007,0.2487475763292314,0.7512524236707685,0.7512524236707685,WIN
20260707_0505,2026-07-07T13:05:00+09:00,2026-07-07T13:10:00+09:00,HIGH,LOW,161.8419952392578,161.8280029296875,-0.013992,0.570772917789881,0.4292270822101189,0.570772917789881,LOSE
20260707_0510,2026-07-07T13:10:00+09:00,2026-07-07T13:15:00+09:00,HIGH,HIGH,161.8280029296875,161.8300018310547,0.001999,0.5208988832318083,0.4791011167681916,0.5208988832318083,WIN
20260707_0515,2026-07-07T13:15:00+09:00,2026-07-07T13:20:00+09:00,HIGH,LOW,161.8300018310547,161.80499267578125,-0.025009,0.6198889259984061,0.3801110740015939,0.6198889259984061,LOSE
20260707_0520,2026-07-07T13:20:00+09:00,2026-07-07T13:25:00+09:00,HIGH,LOW,161.80499267578125,161.802001953125,-0.002991,0.5407518250841159,0.4592481749158841,0.5407518250841159,LOSE
20260707_0525,2026-07-07T13:25:00+09:00,2026-07-07T13:30:00+09:00,LOW,LOW,161.802001953125,161.74899291992188,-0.053009,0.4374918313475787,0.5625081686524213,0.5625081686524213,WIN
20260707_0530,2026-07-07T13:30:00+09:00,2026-07-07T13:35:00+09:00,HIGH,HIGH,161.74899291992188,161.76800537109375,0.019012,0.7929817799575456,0.2070182200424544,0.7929817799575456,WIN
20260707_0535,2026-07-07T13:35:00+09:00,2026-07-07T13:40:00+09:00,HIGH,LOW,161.76800537109375,161.71600341796875,-0.052002,0.5194243145098407,0.4805756854901593,0.5194243145098407,LOSE
20260707_0540,2026-07-07T13:40:00+09:00,2026-07-07T13:45:00+09:00,HIGH,LOW,161.71600341796875,161.70399475097656,-0.012009,0.5424104825143102,0.4575895174856897,0.5424104825143102,LOSE
20260707_0545,2026-07-07T13:45:00+09:00,2026-07-07T13:50:00+09:00,HIGH,HIGH,161.70399475097656,161.7100067138672,0.006012,0.6059137633613552,0.3940862366386448,0.6059137633613552,WIN
20260707_0550,2026-07-07T13:50:00+09:00,2026-07-07T13:55:00+09:00,HIGH,HIGH,161.7100067138672,161.77000427246094,0.059998,0.7537804992607852,0.2462195007392148,0.7537804992607852,WIN
20260707_0555,2026-07-07T13:55:00+09:00,2026-07-07T14:00:00+09:00,LOW,HIGH,161.77000427246094,161.7740020751953,0.003998,0.3910084161920035,0.6089915838079965,0.6089915838079965,LOSE
20260707_0600,2026-07-07T14:00:00+09:00,2026-07-07T14:05:00+09:00,LOW,HIGH,161.7740020751953,161.781005859375,0.007004,0.3984402276997783,0.6015597723002217,0.6015597723002217,LOSE
20260707_0605,2026-07-07T14:05:00+09:00,2026-07-07T14:10:00+09:00,LOW,HIGH,161.781005859375,161.78799438476562,0.006989,0.3840790376023314,0.6159209623976686,0.6159209623976686,LOSE
20260707_0610,2026-07-07T14:10:00+09:00,2026-07-07T14:15:00+09:00,LOW,FLAT,161.78799438476562,161.78799438476562,0.0,0.42208174319831626,0.5779182568016837,0.5779182568016837,LOSE
